{"cameraMode":{"drawMode":0,"name":"Shaded","section":"Shading Mode"},"sceneLighting":true,"audioPlay":false,"sceneViewState":{"showFog":true,"showMaterialUpdate":false,"showSkybox":true,"showFlares":true,"showImageEffects":true,"showParticleSystems":true},"in2DMode":false,"pivot":{"x":250.86297607421876,"y":7.689330101013184,"z":218.318359375},"rotation":{"x":-0.23856386542320252,"y":-0.08409475535154343,"z":0.020748475566506387,"w":-0.9672766923904419},"size":2.4996254444122316,"orthographic":false}