{"cameraMode":{"drawMode":0,"name":"Shaded","section":"Shading Mode"},"sceneLighting":false,"audioPlay":false,"sceneViewState":{"showFog":true,"showMaterialUpdate":false,"showSkybox":false,"showFlares":true,"showImageEffects":true,"showParticleSystems":true},"in2DMode":false,"pivot":{"x":-0.042646512389183047,"y":0.557762861251831,"z":0.33899927139282229},"rotation":{"x":-0.17773808538913728,"y":-0.03662058338522911,"z":0.006627168506383896,"w":-0.9833936095237732},"size":2.4996273517608644,"orthographic":false}