{"cameraMode":{"drawMode":0,"name":"Shaded","section":"Shading Mode"},"sceneLighting":false,"audioPlay":false,"sceneViewState":{"showFog":true,"showMaterialUpdate":false,"showSkybox":false,"showFlares":true,"showImageEffects":true,"showParticleSystems":true},"in2DMode":false,"pivot":{"x":6.219295501708984,"y":5.883823394775391,"z":6.299995422363281},"rotation":{"x":0.28336381912231448,"y":-0.44731560349464419,"z":0.15187352895736695,"w":0.8345974683761597},"size":35.93940734863281,"orthographic":false}