{"cameraMode":{"drawMode":0,"name":"Shaded","section":"Shading Mode"},"sceneLighting":true,"audioPlay":false,"sceneViewState":{"showFog":true,"showMaterialUpdate":false,"showSkybox":true,"showFlares":true,"showImageEffects":true,"showParticleSystems":true},"in2DMode":false,"pivot":{"x":297.812744140625,"y":-32.14127731323242,"z":158.36126708984376},"rotation":{"x":0.04032204672694206,"y":0.9596031904220581,"z":-0.20185181498527528,"w":0.19210414588451386},"size":113.69293212890625,"orthographic":false}