{"cameraMode":{"drawMode":0,"name":"Shaded","section":"Shading Mode"},"sceneLighting":true,"audioPlay":false,"sceneViewState":{"showFog":true,"showMaterialUpdate":false,"showSkybox":true,"showFlares":true,"showImageEffects":true,"showParticleSystems":true},"in2DMode":false,"pivot":{"x":474.2862243652344,"y":58.89078140258789,"z":543.0935668945313},"rotation":{"x":0.08109796047210694,"y":-0.8705363273620606,"z":0.1533006727695465,"w":0.46054717898368838},"size":9.758344650268555,"orthographic":false}