{"cameraMode":{"drawMode":0,"name":"Shaded","section":"Shading Mode"},"sceneLighting":false,"audioPlay":false,"sceneViewState":{"showFog":true,"showMaterialUpdate":false,"showSkybox":false,"showFlares":true,"showImageEffects":true,"showParticleSystems":true},"in2DMode":false,"pivot":{"x":-0.660291314125061,"y":4.959934711456299,"z":-5.561445236206055},"rotation":{"x":-0.002245413837954402,"y":0.9944453835487366,"z":-0.10360495001077652,"w":-0.02132147178053856},"size":24.618196487426759,"orthographic":false}