{"cameraMode":{"drawMode":0,"name":"Shaded","section":"Shading Mode"},"sceneLighting":false,"audioPlay":false,"sceneViewState":{"showFog":true,"showMaterialUpdate":false,"showSkybox":false,"showFlares":true,"showImageEffects":true,"showParticleSystems":true},"in2DMode":false,"pivot":{"x":5.523041248321533,"y":6.281153678894043,"z":-13.565998077392579},"rotation":{"x":0.018831942230463029,"y":0.9725450873374939,"z":-0.08514633029699326,"w":0.21601873636245728},"size":28.764171600341798,"orthographic":false}