{"cameraMode":{"drawMode":0,"name":"Shaded","section":"Shading Mode"},"sceneLighting":false,"audioPlay":false,"sceneViewState":{"showFog":true,"showMaterialUpdate":false,"showSkybox":false,"showFlares":true,"showImageEffects":true,"showParticleSystems":true},"in2DMode":false,"pivot":{"x":7.5790228843688969,"y":7.004053592681885,"z":-16.970884323120118},"rotation":{"x":-0.0006686915876343846,"y":0.987740695476532,"z":0.004136901814490557,"w":0.1564224809408188},"size":29.35790252685547,"orthographic":false}