{"cameraMode":{"drawMode":0,"name":"Shaded","section":"Shading Mode"},"sceneLighting":true,"audioPlay":false,"sceneViewState":{"showFog":true,"showMaterialUpdate":false,"showSkybox":true,"showFlares":true,"showImageEffects":true,"showParticleSystems":true},"in2DMode":false,"pivot":{"x":267.3883056640625,"y":13.20122241973877,"z":265.4473571777344},"rotation":{"x":-0.03717198967933655,"y":-0.8142203092575073,"z":0.05304880812764168,"w":-0.5772432088851929},"size":11.77694320678711,"orthographic":false}