{"cameraMode":{"drawMode":0,"name":"Shaded","section":"Shading Mode"},"sceneLighting":true,"audioPlay":false,"sceneViewState":{"showFog":true,"showMaterialUpdate":false,"showSkybox":true,"showFlares":true,"showImageEffects":true,"showParticleSystems":true},"in2DMode":false,"pivot":{"x":244.52964782714845,"y":9.201683044433594,"z":220.7201690673828},"rotation":{"x":0.31006813049316409,"y":0.40751394629478457,"z":-0.14945560693740846,"w":0.8461225628852844},"size":4.041658401489258,"orthographic":false}