{"cameraMode":{"drawMode":0,"name":"Shaded","section":"Shading Mode"},"sceneLighting":true,"audioPlay":false,"sceneViewState":{"showFog":true,"showMaterialUpdate":false,"showSkybox":true,"showFlares":true,"showImageEffects":true,"showParticleSystems":true},"in2DMode":false,"pivot":{"x":124.48036193847656,"y":70.97049713134766,"z":271.3503723144531},"rotation":{"x":-0.18821047246456147,"y":-0.6392186880111694,"z":0.1662777066230774,"w":-0.7271184921264648},"size":11.77694320678711,"orthographic":false}