{"cameraMode":{"drawMode":0,"name":"Shaded","section":"Shading Mode"},"sceneLighting":false,"audioPlay":false,"sceneViewState":{"showFog":true,"showMaterialUpdate":false,"showSkybox":false,"showFlares":true,"showImageEffects":true,"showParticleSystems":true},"in2DMode":false,"pivot":{"x":211.08544921875,"y":16.327329635620118,"z":333.4264831542969},"rotation":{"x":-0.1613624393939972,"y":0.059535108506679538,"z":-0.009360481053590775,"w":-0.9852776527404785},"size":32.7912712097168,"orthographic":false}