{"cameraMode":{"drawMode":0,"name":"Shaded","section":"Shading Mode"},"sceneLighting":false,"audioPlay":false,"sceneViewState":{"showFog":true,"showMaterialUpdate":false,"showSkybox":false,"showFlares":true,"showImageEffects":true,"showParticleSystems":true},"in2DMode":false,"pivot":{"x":0.5021096467971802,"y":1.8214833736419678,"z":-1.4027504920959473},"rotation":{"x":-0.32364821434020998,"y":0.2984379827976227,"z":-0.10837765038013458,"w":-0.8913248181343079},"size":6.117741107940674,"orthographic":false}