{"cameraMode":{"drawMode":0,"name":"Shaded","section":"Shading Mode"},"sceneLighting":true,"audioPlay":false,"sceneViewState":{"showFog":true,"showMaterialUpdate":false,"showSkybox":true,"showFlares":true,"showImageEffects":true,"showParticleSystems":true},"in2DMode":false,"pivot":{"x":241.36805725097657,"y":28.331632614135743,"z":199.7025146484375},"rotation":{"x":-0.1268058866262436,"y":-0.10229577869176865,"z":0.013000879436731339,"w":-0.9866130948066711},"size":4.041658401489258,"orthographic":false}