{"cameraMode":{"drawMode":0,"name":"Shaded","section":"Shading Mode"},"sceneLighting":false,"audioPlay":false,"sceneViewState":{"showFog":true,"showMaterialUpdate":false,"showSkybox":false,"showFlares":true,"showImageEffects":true,"showParticleSystems":true},"in2DMode":false,"pivot":{"x":-4.814565181732178,"y":7.479966163635254,"z":2.433633804321289},"rotation":{"x":0.0478862039744854,"y":0.6446794271469116,"z":0.04040035232901573,"w":-0.7619538307189941},"size":21.362497329711915,"orthographic":false}