{"cameraMode":{"drawMode":0,"name":"Shaded","section":"Shading Mode"},"sceneLighting":true,"audioPlay":false,"sceneViewState":{"showFog":true,"showMaterialUpdate":false,"showSkybox":true,"showFlares":true,"showImageEffects":true,"showParticleSystems":true},"in2DMode":false,"pivot":{"x":377.90594482421877,"y":30.389307022094728,"z":529.5466918945313},"rotation":{"x":-0.3041536211967468,"y":0.4327182173728943,"z":-0.15798832476139069,"w":-0.8339034914970398},"size":13.097864151000977,"orthographic":false}