{"cameraMode":{"drawMode":0,"name":"Shaded","section":"Shading Mode"},"sceneLighting":true,"audioPlay":false,"sceneViewState":{"showFog":true,"showMaterialUpdate":false,"showSkybox":true,"showFlares":true,"showImageEffects":true,"showParticleSystems":true},"in2DMode":false,"pivot":{"x":215.7762908935547,"y":19.902820587158204,"z":326.4646911621094},"rotation":{"x":-0.2198048084974289,"y":0.07658560574054718,"z":-0.017309648916125299,"w":-0.9723901152610779},"size":24.335636138916017,"orthographic":false}