{"cameraMode":{"drawMode":0,"name":"Shaded","section":"Shading Mode"},"sceneLighting":true,"audioPlay":false,"sceneViewState":{"showFog":true,"showMaterialUpdate":false,"showSkybox":true,"showFlares":true,"showImageEffects":true,"showParticleSystems":true},"in2DMode":false,"pivot":{"x":264.0155334472656,"y":18.91031265258789,"z":223.0957794189453},"rotation":{"x":0.2942247688770294,"y":0.03369491174817085,"z":-0.010192289017140866,"w":0.9551507830619812},"size":6.441659927368164,"orthographic":false}