{"cameraMode":{"drawMode":0,"name":"Shaded","section":"Shading Mode"},"sceneLighting":false,"audioPlay":false,"sceneViewState":{"showFog":true,"showMaterialUpdate":false,"showSkybox":false,"showFlares":true,"showImageEffects":true,"showParticleSystems":true},"in2DMode":false,"pivot":{"x":254.9072265625,"y":1.547412633895874,"z":231.72874450683595},"rotation":{"x":-0.0929277092218399,"y":0.2559874653816223,"z":-0.0247313492000103,"w":-0.9619059562683106},"size":2.7582714557647707,"orthographic":false}