{"cameraMode":{"drawMode":0,"name":"Shaded","section":"Shading Mode"},"sceneLighting":true,"audioPlay":false,"sceneViewState":{"showFog":true,"showMaterialUpdate":false,"showSkybox":true,"showFlares":true,"showImageEffects":true,"showParticleSystems":true},"in2DMode":false,"pivot":{"x":240.2081756591797,"y":16.15949058532715,"z":294.2189636230469},"rotation":{"x":0.046681445091962817,"y":-0.3473406136035919,"z":0.017315763980150224,"w":0.9364273548126221},"size":4.041658401489258,"orthographic":false}