{"cameraMode":{"drawMode":0,"name":"Shaded","section":"Shading Mode"},"sceneLighting":true,"audioPlay":false,"sceneViewState":{"showFog":true,"showMaterialUpdate":false,"showSkybox":true,"showFlares":true,"showImageEffects":true,"showParticleSystems":true},"in2DMode":false,"pivot":{"x":260.173828125,"y":31.396434783935548,"z":176.89566040039063},"rotation":{"x":-0.20870360732078553,"y":0.025106731802225114,"z":-0.00550501374527812,"w":-0.9777020215988159},"size":4.041658401489258,"orthographic":false}