{"cameraMode":{"drawMode":0,"name":"Shaded","section":"Shading Mode"},"sceneLighting":true,"audioPlay":false,"sceneViewState":{"showFog":true,"showMaterialUpdate":false,"showSkybox":true,"showFlares":true,"showImageEffects":true,"showParticleSystems":true},"in2DMode":false,"pivot":{"x":252.76806640625,"y":2.9800000190734865,"z":230.53570556640626},"rotation":{"x":0.2082943171262741,"y":0.533758819103241,"z":-0.13760361075401307,"w":0.8079560399055481},"size":5.516529560089111,"orthographic":false}