{"cameraMode":{"drawMode":0,"name":"Shaded","section":"Shading Mode"},"sceneLighting":true,"audioPlay":false,"sceneViewState":{"showFog":true,"showMaterialUpdate":false,"showSkybox":true,"showFlares":true,"showImageEffects":true,"showParticleSystems":true},"in2DMode":false,"pivot":{"x":198.9700469970703,"y":31.513206481933595,"z":304.063720703125},"rotation":{"x":0.2896654009819031,"y":0.5069214701652527,"z":-0.18579313158988954,"w":0.7903277277946472},"size":1.3911144733428956,"orthographic":false}