{"cameraMode":{"drawMode":0,"name":"Shaded","section":"Shading Mode"},"sceneLighting":false,"audioPlay":false,"sceneViewState":{"showFog":true,"showMaterialUpdate":false,"showSkybox":false,"showFlares":true,"showImageEffects":true,"showParticleSystems":true},"in2DMode":false,"pivot":{"x":160.11581420898438,"y":17.4473819732666,"z":184.877685546875},"rotation":{"x":-0.05281748250126839,"y":0.6486201286315918,"z":-0.044808998703956607,"w":-0.7581790089607239},"size":15.085590362548829,"orthographic":false}