{"cameraMode":{"drawMode":0,"name":"Shaded","section":"Shading Mode"},"sceneLighting":false,"audioPlay":false,"sceneViewState":{"showFog":true,"showMaterialUpdate":false,"showSkybox":false,"showFlares":true,"showImageEffects":true,"showParticleSystems":true},"in2DMode":false,"pivot":{"x":1.751198172569275,"y":14.656548500061036,"z":-5.597885608673096},"rotation":{"x":-0.2528524100780487,"y":0.4223625659942627,"z":-0.12370765954256058,"w":-0.861774206161499},"size":24.618196487426759,"orthographic":false}