{"cameraMode":{"drawMode":0,"name":"Shaded","section":"Shading Mode"},"sceneLighting":true,"audioPlay":false,"sceneViewState":{"showFog":true,"showMaterialUpdate":false,"showSkybox":true,"showFlares":true,"showImageEffects":true,"showParticleSystems":true},"in2DMode":false,"pivot":{"x":172.06814575195313,"y":14.970233917236329,"z":193.84158325195313},"rotation":{"x":-0.04130161181092262,"y":-0.9195775389671326,"z":0.10153120756149292,"w":-0.37785786390304568},"size":5.8416595458984379,"orthographic":false}