{"cameraMode":{"drawMode":0,"name":"Shaded","section":"Shading Mode"},"sceneLighting":true,"audioPlay":false,"sceneViewState":{"showFog":true,"showMaterialUpdate":false,"showSkybox":true,"showFlares":true,"showImageEffects":true,"showParticleSystems":true},"in2DMode":false,"pivot":{"x":172.995361328125,"y":35.12751770019531,"z":210.55532836914063},"rotation":{"x":-0.12370239198207855,"y":0.8369080424308777,"z":-0.49015700817108157,"w":-0.21135050058364869},"size":12.733479499816895,"orthographic":false}