{"cameraMode":{"drawMode":0,"name":"Shaded","section":"Shading Mode"},"sceneLighting":false,"audioPlay":false,"sceneViewState":{"showFog":true,"showMaterialUpdate":false,"showSkybox":false,"showFlares":true,"showImageEffects":true,"showParticleSystems":true},"in2DMode":false,"pivot":{"x":-0.43995246291160586,"y":3.5595998764038088,"z":0.7866634130477905},"rotation":{"x":0.055418532341718677,"y":-0.8604517579078674,"z":0.09457240998744965,"w":0.49806588888168337},"size":9.11831283569336,"orthographic":false}