{"cameraMode":{"drawMode":0,"name":"Shaded","section":"Shading Mode"},"sceneLighting":true,"audioPlay":false,"sceneViewState":{"showFog":true,"showMaterialUpdate":false,"showSkybox":true,"showFlares":true,"showImageEffects":true,"showParticleSystems":true},"in2DMode":false,"pivot":{"x":108.05618286132813,"y":9.506616592407227,"z":542.6109619140625},"rotation":{"x":-0.004343349952250719,"y":-0.9164914488792419,"z":0.009898065589368344,"w":-0.4000428020954132},"size":4.041658401489258,"orthographic":false}