{"cameraMode":{"drawMode":0,"name":"Shaded","section":"Shading Mode"},"sceneLighting":true,"audioPlay":false,"sceneViewState":{"showFog":true,"showMaterialUpdate":false,"showSkybox":true,"showFlares":true,"showImageEffects":true,"showParticleSystems":true},"in2DMode":false,"pivot":{"x":-15.672964096069336,"y":148.69287109375,"z":234.4065399169922},"rotation":{"x":-0.21834434568881989,"y":-0.7190852761268616,"z":0.2586725652217865,"w":-0.6069899797439575},"size":4.041658401489258,"orthographic":false}