{"cameraMode":{"drawMode":0,"name":"Shaded","section":"Shading Mode"},"sceneLighting":true,"audioPlay":false,"sceneViewState":{"showFog":true,"showMaterialUpdate":false,"showSkybox":true,"showFlares":true,"showImageEffects":true,"showParticleSystems":true},"in2DMode":false,"pivot":{"x":183.06411743164063,"y":13.89932918548584,"z":230.4832000732422},"rotation":{"x":0.12631718814373017,"y":-0.5875533819198608,"z":0.09350450336933136,"w":0.793799638748169},"size":4.468451499938965,"orthographic":false}