{"cameraMode":{"drawMode":0,"name":"Shaded","section":"Shading Mode"},"sceneLighting":false,"audioPlay":false,"sceneViewState":{"showFog":true,"showMaterialUpdate":false,"showSkybox":false,"showFlares":true,"showImageEffects":true,"showParticleSystems":true},"in2DMode":false,"pivot":{"x":254.01766967773438,"y":114.44547271728516,"z":-36.39232635498047},"rotation":{"x":0.1145547553896904,"y":-0.8032205700874329,"z":-0.16319778561592103,"w":-0.5616891980171204},"size":1337.68701171875,"orthographic":false}