{"cameraMode":{"drawMode":0,"name":"Shaded","section":"Shading Mode"},"sceneLighting":true,"audioPlay":false,"sceneViewState":{"showFog":true,"showMaterialUpdate":false,"showSkybox":true,"showFlares":true,"showImageEffects":true,"showParticleSystems":true},"in2DMode":false,"pivot":{"x":164.2428436279297,"y":22.439035415649415,"z":176.1636962890625},"rotation":{"x":-0.12428415566682816,"y":-0.48229289054870608,"z":0.06940089166164398,"w":-0.8645747303962708},"size":4.341658592224121,"orthographic":false}