{"cameraMode":{"drawMode":0,"name":"Shaded","section":"Shading Mode"},"sceneLighting":true,"audioPlay":false,"sceneViewState":{"showFog":true,"showMaterialUpdate":false,"showSkybox":true,"showFlares":true,"showImageEffects":true,"showParticleSystems":true},"in2DMode":false,"pivot":{"x":203.6306610107422,"y":5.669065475463867,"z":170.4376678466797},"rotation":{"x":-0.030346311628818513,"y":0.960877537727356,"z":-0.24925833940505982,"w":-0.11703678220510483},"size":52.50282287597656,"orthographic":false}