{"cameraMode":{"drawMode":0,"name":"Shaded","section":"Shading Mode"},"sceneLighting":false,"audioPlay":false,"sceneViewState":{"showFog":true,"showMaterialUpdate":false,"showSkybox":false,"showFlares":true,"showImageEffects":true,"showParticleSystems":true},"in2DMode":false,"pivot":{"x":-1.8945738077163697,"y":5.183954238891602,"z":-1.498500108718872},"rotation":{"x":-0.07660581916570664,"y":-0.05769827961921692,"z":0.004443241748958826,"w":-0.9953869581222534},"size":15.785307884216309,"orthographic":false}