{"cameraMode":{"drawMode":0,"name":"Shaded","section":"Shading Mode"},"sceneLighting":true,"audioPlay":false,"sceneViewState":{"showFog":true,"showMaterialUpdate":false,"showSkybox":true,"showFlares":true,"showImageEffects":true,"showParticleSystems":true},"in2DMode":false,"pivot":{"x":114.5150146484375,"y":10.73868465423584,"z":213.08192443847657},"rotation":{"x":-0.06821036338806153,"y":-0.8451467752456665,"z":0.11118435114622116,"w":-0.5184094905853272},"size":23.236955642700197,"orthographic":false}