{"cameraMode":{"drawMode":0,"name":"Shaded","section":"Shading Mode"},"sceneLighting":true,"audioPlay":false,"sceneViewState":{"showFog":true,"showMaterialUpdate":false,"showSkybox":true,"showFlares":true,"showImageEffects":true,"showParticleSystems":true},"in2DMode":false,"pivot":{"x":184.49806213378907,"y":-30.120248794555665,"z":290.177734375},"rotation":{"x":-0.20534799993038178,"y":-0.07022217661142349,"z":0.014476615004241467,"w":-0.9762181043624878},"size":114.17646026611328,"orthographic":false}