{"cameraMode":{"drawMode":0,"name":"Shaded","section":"Shading Mode"},"sceneLighting":false,"audioPlay":false,"sceneViewState":{"showFog":true,"showMaterialUpdate":false,"showSkybox":false,"showFlares":true,"showImageEffects":true,"showParticleSystems":true},"in2DMode":false,"pivot":{"x":0.6391110420227051,"y":1.6473243236541749,"z":-1.1646004915237427},"rotation":{"x":0.17577682435512544,"y":-0.6269255876541138,"z":0.14725014567375184,"w":0.7448788285255432},"size":6.40039587020874,"orthographic":false}