{"cameraMode":{"drawMode":0,"name":"Shaded","section":"Shading Mode"},"sceneLighting":true,"audioPlay":false,"sceneViewState":{"showFog":true,"showMaterialUpdate":false,"showSkybox":true,"showFlares":true,"showImageEffects":true,"showParticleSystems":true},"in2DMode":false,"pivot":{"x":-0.8634765148162842,"y":2.6187942028045656,"z":5.157131671905518},"rotation":{"x":0.1734195053577423,"y":0.7328433394432068,"z":-0.20305703580379487,"w":0.6258296370506287},"size":4.041658401489258,"orthographic":false}