{"cameraMode":{"drawMode":0,"name":"Shaded","section":"Shading Mode"},"sceneLighting":true,"audioPlay":false,"sceneViewState":{"showFog":true,"showMaterialUpdate":false,"showSkybox":true,"showFlares":true,"showImageEffects":true,"showParticleSystems":true},"in2DMode":false,"pivot":{"x":193.28482055664063,"y":22.55316162109375,"z":222.18115234375},"rotation":{"x":-0.07505903393030167,"y":0.9112352728843689,"z":-0.19014087319374085,"w":-0.3584722578525543},"size":12.733479499816895,"orthographic":false}