{"cameraMode":{"drawMode":0,"name":"Shaded","section":"Shading Mode"},"sceneLighting":true,"audioPlay":false,"sceneViewState":{"showFog":true,"showMaterialUpdate":false,"showSkybox":true,"showFlares":true,"showImageEffects":true,"showParticleSystems":true},"in2DMode":false,"pivot":{"x":159.87039184570313,"y":145.73550415039063,"z":192.57510375976563},"rotation":{"x":0.26925984025001528,"y":0.2455945760011673,"z":-0.07151971757411957,"w":0.9285547733306885},"size":10.209599494934082,"orthographic":false}