{"cameraMode":{"drawMode":0,"name":"Shaded","section":"Shading Mode"},"sceneLighting":true,"audioPlay":false,"sceneViewState":{"showFog":true,"showMaterialUpdate":false,"showSkybox":true,"showFlares":true,"showImageEffects":true,"showParticleSystems":true},"in2DMode":false,"pivot":{"x":191.9391326904297,"y":16.784626007080079,"z":207.27032470703126},"rotation":{"x":0.16677407920360566,"y":-0.0930333361029625,"z":0.015803193673491479,"w":0.9814968109130859},"size":23.236955642700197,"orthographic":false}