{"cameraMode":{"drawMode":0,"name":"Shaded","section":"Shading Mode"},"sceneLighting":true,"audioPlay":false,"sceneViewState":{"showFog":true,"showMaterialUpdate":false,"showSkybox":true,"showFlares":true,"showImageEffects":true,"showParticleSystems":true},"in2DMode":false,"pivot":{"x":180.79444885253907,"y":70.13700866699219,"z":271.18621826171877},"rotation":{"x":0.18503695726394654,"y":0.24716950953006745,"z":-0.04794790595769882,"w":0.9500507712364197},"size":3.6639773845672609,"orthographic":false}