{"cameraMode":{"drawMode":0,"name":"Shaded","section":"Shading Mode"},"sceneLighting":true,"audioPlay":false,"sceneViewState":{"showFog":true,"showMaterialUpdate":false,"showSkybox":true,"showFlares":true,"showImageEffects":true,"showParticleSystems":true},"in2DMode":false,"pivot":{"x":199.02734375,"y":57.97006607055664,"z":282.5787048339844},"rotation":{"x":0.25740987062454226,"y":0.1317918300628662,"z":-0.035372331738471988,"w":0.956760585308075},"size":3.6639773845672609,"orthographic":false}