{"cameraMode":{"drawMode":0,"name":"Shaded","section":"Shading Mode"},"sceneLighting":false,"audioPlay":false,"sceneViewState":{"showFog":true,"showMaterialUpdate":false,"showSkybox":false,"showFlares":true,"showImageEffects":true,"showParticleSystems":true},"in2DMode":false,"pivot":{"x":58.35725784301758,"y":10.014360427856446,"z":-19.198001861572267},"rotation":{"x":-0.07775706797838211,"y":0.45315244793891909,"z":-0.039497390389442447,"w":-0.8873723149299622},"size":4.503209114074707,"orthographic":false}